Méthode,ARI
SIFT,0.043106041514076016
CNN (ResNet50),0.4890744578200844
ORB,0.026097403268511704
